{"accuracy": [0.25725868344306946, 0.7143182158470154, 0.8230741620063782, 0.8636602759361267, 0.8850415945053101, 0.897972822189331, 0.911914050579071, 0.9148872494697571, 0.9143893718719482, 0.9198235869407654], "loss": [2.637735366821289, 0.9155527949333191, 0.5560130476951599, 0.42121854424476624, 0.35103079676628113, 0.31484073400497437, 0.2718624770641327, 0.2625724971294403, 0.26330408453941345, 0.24613475799560547], "val_accuracy": [0.6070452928543091, 0.8139085173606873, 0.8716708421707153, 0.865012526512146, 0.8891417980194092, 0.910767138004303, 0.9131003618240356, 0.9133280515670776, 0.9098566174507141, 0.9105395078659058], "val_loss": [1.2608592510223389, 0.5933317542076111, 0.3912321925163269, 0.4164080023765564, 0.34922677278518677, 0.2735804319381714, 0.27213025093078613, 0.2741295397281647, 0.27737942337989807, 0.2812601625919342]}